item_id,genres
1,dress
2,dress
3,sheath
4,dress
5,dress
6,dress
7,gown
8,dress
9,dress
10,top
11,top
12,jacket
13,jacket
14,top
15,bomber
16,top
17,sweater
18,jacket
19,jacket
20,blazer
21,top
22,dress
23,sheath
24,sheath
25,dress
26,sheath
27,dress
28,gown
29,shirtdress
30,sheath
31,dress
32,dress
33,dress
34,dress
35,maxi
36,shirtdress
37,dress
38,top
39,jumpsuit
40,jumpsuit
41,leggings
42,leggings
43,coat
44,dress
45,dress
46,dress
47,dress
48,dress
49,dress
50,shirtdress
51,dress
52,dress
53,dress
54,dress
55,sweater
56,jumpsuit
57,top
58,top
59,top
60,sweater
61,top
62,jacket
63,duster
64,shirt
65,tank
66,dress
67,dress
68,dress
69,dress
70,dress
71,dress
72,dress
73,gown
74,dress
75,dress
76,dress
77,dress
78,dress
79,dress
80,dress
81,dress
82,dress
83,dress
84,dress
85,top
86,skirt
87,pant
88,kimono
89,sweater
90,sweater
91,pants
92,jumpsuit
93,pants
94,sweater
95,jacket
96,pants
97,dress
98,dress
99,dress
100,dress
101,dress
102,dress
103,dress
104,dress
105,dress
106,dress
107,dress
108,dress
109,pants
110,sweater
111,skirt
112,skirts
113,pants
114,top
115,top
116,top
117,skirt
118,skirt
119,pants
120,dress
121,dress
122,gown
123,dress
124,maxi
125,dress
126,maxi
127,dress
128,dress
129,dress
130,dress
131,dress
132,dress
133,dress
134,gown
135,gown
136,dress
137,gown
138,maxi
139,dress
140,dress
141,gown
142,dress
143,dress
144,dress
145,dress
146,gown
147,sheath
148,dress
149,gown
150,sheath
151,dress
152,gown
153,sheath
154,dress
155,dress
156,gown
157,maxi
158,gown
159,dress
160,dress
161,dress
162,shirtdress
163,dress
164,dress
165,gown
166,shift
167,dress
168,sheath
169,dress
170,dress
171,shift
172,dress
173,sheath
174,sheath
175,gown
176,gown
177,dress
178,dress
179,gown
180,dress
181,gown
182,dress
183,gown
184,shirtdress
185,dress
186,dress
187,gown
188,gown
189,dress
190,dress
191,dress
192,dress
193,gown
194,dress
195,shift
196,sheath
197,dress
198,dress
199,dress
200,dress
201,dress
202,sheath
203,gown
204,gown
205,maxi
206,dress
207,dress
208,sheath
209,dress
210,dress
211,dress
212,maxi
213,dress
214,dress
215,dress
216,dress
217,gown
218,dress
219,dress
220,dress
221,dress
222,dress
223,gown
224,dress
225,sheath
226,gown
227,gown
228,dress
229,dress
230,dress
231,dress
232,dress
233,dress
234,shift
235,dress
236,dress
237,dress
238,dress
239,dress
240,shift
241,dress
242,sheath
243,dress
244,dress
245,dress
246,dress
247,sheath
248,dress
249,dress
250,gown
251,sheath
252,gown
253,shirtdress
254,dress
255,dress
256,maxi
257,shirtdress
258,sheath
259,dress
260,dress
261,gown
262,dress
263,dress
264,dress
265,dress
266,dress
267,dress
268,dress
269,gown
270,dress
271,dress
272,dress
273,shirtdress
274,dress
275,gown
276,dress
277,dress
278,maxi
279,dress
280,gown
281,dress
282,dress
283,dress
284,sheath
285,shift
286,jacket
287,sweater
288,top
289,top
290,pants
291,sweater
292,tight
293,jacket
294,pants
295,jacket
296,coat
297,top
298,skirt
299,blouse
300,top
301,romper
302,blouse
303,pants
304,romper
305,down
306,top
307,jumpsuit
308,blouse
309,romper
310,skirt
311,jumpsuit
312,coat
313,blazer
314,top
315,poncho
316,down
317,tank
318,jacket
319,top
320,tank
321,top
322,skirt
323,pants
324,pants
325,top
326,coat
327,top
328,romper
329,skirt
330,jacket
331,romper
332,blazer
333,top
334,romper
335,top
336,coat
337,jumpsuit
338,sweater
339,top
340,top
341,pants
342,jacket
343,jumpsuit
344,pant
345,jumpsuit
346,pants
347,skirt
348,pants
349,jacket
350,jacket
351,top
352,down
353,down
354,top
355,pants
356,coat
357,tunic
358,bomber
359,jacket
360,legging
361,skirt
362,coat
363,jacket
364,down
365,jacket
366,pants
367,romper
368,coat
369,romper
370,jumpsuit
371,coat
372,top
373,jumpsuit
374,top
375,blazer
376,knit
377,jumpsuit
378,pants
379,romper
380,pants
381,jumpsuit
382,jacket
383,culottes
384,down
385,jacket
386,sweater
387,jacket
388,trousers
389,jumpsuit
390,jacket
391,shirt
392,cape
393,sweater
394,top
395,jacket
396,top
397,jacket
398,blouse
399,jumpsuit
400,dress
401,dress
402,dress
403,dress
404,dress
405,shift
406,dress
407,gown
408,dress
409,dress
410,dress
411,top
412,jumpsuit
413,blouse
414,jacket
415,cardigan
416,dress
417,dress
418,dress
419,dress
420,dress
421,dress
422,dress
423,dress
424,dress
425,dress
426,dress
427,maxi
428,dress
429,dress
430,dress
431,dress
432,sheath
433,dress
434,shift
435,dress
436,dress
437,jumpsuit
438,top
439,peacoat
440,jumpsuit
441,shirt
442,romper
443,jacket
444,dress
445,dress
446,dress
447,gown
448,sheath
449,shift
450,dress
451,dress
452,shift
453,dress
454,dress
455,dress
456,shift
457,dress
458,dress
459,dress
460,dress
461,dress
462,dress
463,dress
464,dress
465,dress
466,maxi
467,dress
468,sheath
469,dress
470,dress
471,dress
472,dress
473,sheath
474,dress
475,maxi
476,gown
477,gown
478,shift
479,dress
480,gown
481,dress
482,dress
483,dress
484,dress
485,dress
486,dress
487,dress
488,dress
489,dress
490,dress
491,dress
492,dress
493,dress
494,dress
495,maxi
496,shirtdress
497,dress
498,gown
499,dress
500,shift
501,shift
502,dress
503,dress
504,dress
505,dress
506,trouser
507,pullover
508,sweater
509,blazer
510,blazer
511,vest
512,coat
513,sweater
514,pant
515,romper
516,down
517,coat
518,jumpsuit
519,cape
520,top
521,top
522,bomber
523,vest
524,romper
525,culottes
526,jacket
527,jacket
528,sweater
529,coat
530,sweater
531,top
532,skirt
533,romper
534,blouse
535,down
536,top
537,top
538,romper
539,blouse
540,sweater
541,top
542,sweater
543,top
544,jumpsuit
545,top
546,skirt
547,top
548,sweater
549,coat
550,top
551,coat
552,down
553,top
554,jumpsuit
555,sweater
556,sweater
557,top
558,pants
559,vest
560,jumpsuit
561,jacket
562,tank
563,coat
564,top
565,skirt
566,pants
567,sweater
568,jumpsuit
569,top
570,dress
571,dress
572,dress
573,dress
574,dress
575,dress
576,dress
577,dress
578,dress
579,dress
580,dress
581,dress
582,dress
583,shift
584,dress
585,dress
586,dress
587,dress
588,dress
589,dress
590,dress
591,dress
592,dress
593,dress
594,dress
595,dress
596,dress
597,dress
598,dress
599,dress
600,dress
601,dress
602,dress
603,dress
604,dress
605,dress
606,dress
607,jacket
608,skirt
609,top
610,top
611,romper
612,romper
613,top
614,blazer
615,coat
616,top
617,top
618,romper
619,jumpsuit
620,skirt
621,dress
622,dress
623,dress
624,dress
625,dress
626,shift
627,dress
628,dress
629,dress
630,dress
631,dress
632,dress
633,dress
634,dress
635,top
636,jumpsuit
637,top
638,skirt
639,jumpsuit
640,dress
641,sheath
642,dress
643,dress
644,dress
645,dress
646,dress
647,dress
648,dress
649,dress
650,blouse
651,top
652,poncho
653,sweater
654,top
655,coat
656,legging
657,romper
658,skirt
659,top
660,jacket
661,skirt
662,culotte
663,top
664,jacket
665,top
666,top
667,jacket
668,top
669,top
670,coat
671,maxi
672,dress
673,shift
674,dress
675,dress
676,gown
677,sheath
678,dress
679,dress
680,dress
681,dress
682,dress
683,dress
684,dress
685,dress
686,dress
687,dress
688,dress
689,coat
690,coat
691,dress
692,sheath
693,sheath
694,dress
695,dress
696,dress
697,dress
698,dress
699,dress
700,dress
701,shift
702,dress
703,dress
704,dress
705,jumpsuit
706,jumpsuit
707,romper
708,dress
709,shift
710,dress
711,dress
712,dress
713,dress
714,dress
715,gown
716,dress
717,dress
718,dress
719,dress
720,jacket
721,top
722,jacket
723,jacket
724,jacket
725,blouse
726,cape
727,top
728,skirt
729,jacket
730,skirt
731,blazer
732,jacket
733,coat
734,down
735,jacket
736,cape
737,top
738,skirt
739,jacket
740,top
741,top
742,top
743,dress
744,dress
745,dress
746,dress
747,dress
748,dress
749,dress
750,dress
751,dress
752,dress
753,dress
754,dress
755,dress
756,dress
757,dress
758,blazer
759,jacket
760,top
761,jacket
762,sheath
763,dress
764,dress
765,sheath
766,dress
767,dress
768,dress
769,dress
770,dress
771,dress
772,sheath
773,dress
774,dress
775,dress
776,jacket
777,skirt
778,vest
779,top
780,skirt
781,top
782,top
783,gown
784,dress
785,dress
786,dress
787,dress
788,dress
789,dress
790,gown
791,dress
792,dress
793,dress
794,gown
795,gown
796,dress
797,sheath
798,dress
799,dress
800,dress
801,dress
802,blazer
803,top
804,jacket
805,dress
806,dress
807,sheath
808,dress
809,shift
810,maxi
811,dress
812,gown
813,dress
814,shift
815,gown
816,dress
817,sheath
818,dress
819,dress
820,romper
821,jumpsuit
822,romper
823,jumpsuit
824,romper
825,dress
826,dress
827,dress
828,dress
829,dress
830,dress
831,shirtdress
832,sheath
833,sheath
834,culottes
835,top
836,jumpsuit
837,blouse
838,top
839,tunic
840,down
841,dress
842,dress
843,dress
844,maxi
845,dress
846,dress
847,dress
848,dress
849,dress
850,dress
851,sweater
852,overalls
853,sweater
854,sweatshirt
855,sweater
856,top
857,top
858,romper
859,jumpsuit
860,jacket
861,t-shirt
862,pants
863,coat
864,top
865,dress
866,dress
867,dress
868,dress
869,dress
870,dress
871,dress
872,dress
873,dress
874,shift
875,jumpsuit
876,top
877,blazer
878,top
879,dress
880,dress
881,dress
882,dress
883,gown
884,sheath
885,dress
886,dress
887,dress
888,dress
889,dress
890,dress
891,dress
892,dress
893,gown
894,dress
895,dress
896,dress
897,dress
898,dress
899,dress
900,dress
901,sheath
902,dress
903,dress
904,dress
905,dress
906,dress
907,jumpsuit
908,jumpsuit
909,jacket
910,jumpsuit
911,dress
912,dress
913,dress
914,dress
915,dress
916,dress
917,dress
918,dress
919,dress
920,dress
921,dress
922,dress
923,dress
924,dress
925,gown
926,dress
927,dress
928,dress
929,dress
930,gown
931,gown
932,gown
933,dress
934,dress
935,gown
936,dress
937,dress
938,jumpsuit
939,dress
940,gown
941,dress
942,gown
943,dress
944,dress
945,sheath
946,sheath
947,dress
948,dress
949,dress
950,dress
951,sheath
952,sheath
953,dress
954,dress
955,sheath
956,dress
957,dress
958,dress
959,sheath
960,dress
961,dress
962,sheath
963,dress
964,dress
965,dress
966,dress
967,dress
968,top
969,top
970,skirt
971,top
972,jumpsuit
973,romper
974,jacket
975,dress
976,dress
977,dress
978,dress
979,dress
980,dress
981,dress
982,dress
983,dress
984,maxi
985,dress
986,top
987,culottes
988,top
989,coat
990,top
991,vest
992,top
993,dress
994,gown
995,dress
996,sheath
997,dress
998,gown
999,dress
1000,gown
1001,dress
1002,gown
1003,dress
1004,dress
1005,gown
1006,dress
1007,dress
1008,dress
1009,dress
1010,dress
1011,dress
1012,gown
1013,dress
1014,dress
1015,gown
1016,sheath
1017,dress
1018,dress
1019,gown
1020,dress
1021,dress
1022,dress
1023,dress
1024,dress
1025,dress
1026,dress
1027,dress
1028,sheath
1029,sheath
1030,gown
1031,dress
1032,dress
1033,dress
1034,trouser
1035,gown
1036,dress
1037,shift
1038,dress
1039,dress
1040,dress
1041,gown
1042,dress
1043,dress
1044,dress
1045,dress
1046,gown
1047,dress
1048,gown
1049,dress
1050,dress
1051,dress
1052,dress
1053,dress
1054,sheath
1055,gown
1056,dress
1057,dress
1058,gown
1059,dress
1060,dress
1061,dress
1062,tee
1063,sweater
1064,shift
1065,dress
1066,shift
1067,dress
1068,dress
1069,gown
1070,maxi
1071,dress
1072,dress
1073,dress
1074,sheath
1075,dress
1076,dress
1077,dress
1078,dress
1079,dress
1080,dress
1081,jumpsuit
1082,top
1083,jumpsuit
1084,jumpsuit
1085,shift
1086,dress
1087,dress
1088,dress
1089,dress
1090,dress
1091,dress
1092,dress
1093,dress
1094,dress
1095,dress
1096,maxi
1097,dress
1098,dress
1099,sheath
1100,sheath
1101,dress
1102,dress
1103,dress
1104,dress
1105,sheath
1106,dress
1107,dress
1108,maxi
1109,gown
1110,dress
1111,dress
1112,dress
1113,cardigan
1114,shirt
1115,top
1116,jacket
1117,top
1118,romper
1119,vest
1120,culottes
1121,sweater
1122,sweater
1123,down
1124,top
1125,skirt
1126,top
1127,dress
1128,maxi
1129,dress
1130,dress
1131,dress
1132,dress
1133,dress
1134,dress
1135,dress
1136,dress
1137,shirtdress
1138,dress
1139,henley
1140,romper
1141,romper
1142,dress
1143,dress
1144,dress
1145,shirtdress
1146,dress
1147,sheath
1148,dress
1149,dress
1150,dress
1151,dress
1152,jacket
1153,jacket
1154,top
1155,jacket
1156,jacket
1157,jacket
1158,down
1159,top
1160,dress
1161,dress
1162,dress
1163,sheath
1164,dress
1165,maxi
1166,dress
1167,dress
1168,dress
1169,sheath
1170,pants
1171,jogger
1172,top
1173,gown
1174,dress
1175,dress
1176,dress
1177,dress
1178,dress
1179,dress
1180,dress
1181,dress
1182,dress
1183,dress
1184,dress
1185,jumpsuit
1186,skirt
1187,jumpsuit
1188,dress
1189,sheath
1190,sheath
1191,dress
1192,dress
1193,maxi
1194,sheath
1195,sheath
1196,sheath
1197,dress
1198,jumpsuit
1199,shirt
1200,down
1201,dress
1202,dress
1203,sheath
1204,dress
1205,dress
1206,dress
1207,shift
1208,dress
1209,dress
1210,dress
1211,dress
1212,dress
1213,dress
1214,sheath
1215,sheath
1216,dress
1217,dress
1218,dress
1219,dress
1220,dress
1221,dress
1222,skirt
1223,blazer
1224,top
1225,gown
1226,shift
1227,sheath
1228,dress
1229,dress
1230,shift
1231,sheath
1232,dress
1233,shift
1234,dress
1235,gown
1236,dress
1237,top
1238,down
1239,sweater
1240,skirt
1241,skirt
1242,sweater
1243,romper
1244,top
1245,top
1246,top
1247,top
1248,top
1249,coat
1250,skirt
1251,dress
1252,sheath
1253,gown
1254,sheath
1255,dress
1256,dress
1257,dress
1258,dress
1259,dress
1260,dress
1261,skirt
1262,jacket
1263,parka
1264,dress
1265,maxi
1266,dress
1267,dress
1268,dress
1269,maxi
1270,dress
1271,dress
1272,dress
1273,dress
1274,dress
1275,dress
1276,dress
1277,jumpsuit
1278,dress
1279,dress
1280,dress
1281,dress
1282,gown
1283,kaftan
1284,jumpsuit
1285,coat
1286,blouse
1287,vest
1288,romper
1289,sheath
1290,sheath
1291,dress
1292,dress
1293,sheath
1294,dress
1295,dress
1296,dress
1297,dress
1298,dress
1299,shift
1300,dress
1301,dress
1302,sheath
1303,dress
1304,dress
1305,dress
1306,dress
1307,dress
1308,sheath
1309,dress
1310,dress
1311,dress
1312,dress
1313,dress
1314,dress
1315,dress
1316,dress
1317,dress
1318,dress
1319,dress
1320,dress
1321,dress
1322,sweatshirt
1323,top
1324,romper
1325,blouse
1326,dress
1327,sheath
1328,dress
1329,dress
1330,dress
1331,shift
1332,dress
1333,dress
1334,shift
1335,dress
1336,sheath
1337,shift
1338,dress
1339,dress
1340,dress
1341,midi
1342,dress
1343,gown
1344,dress
1345,dress
1346,dress
1347,dress
1348,dress
1349,dress
1350,dress
1351,dress
1352,dress
1353,pants
1354,jumpsuit
1355,blazer
1356,shift
1357,dress
1358,dress
1359,gown
1360,dress
1361,blazer
1362,top
1363,top
1364,tank
1365,skirt
1366,romper
1367,culotte
1368,shift
1369,dress
1370,dress
1371,gown
1372,dress
1373,gown
1374,dress
1375,dress
1376,dress
1377,dress
1378,gown
1379,jumpsuit
1380,pants
1381,skirt
1382,top
1383,maxi
1384,dress
1385,dress
1386,dress
1387,sheath
1388,dress
1389,dress
1390,dress
1391,maxi
1392,dress
1393,top
1394,romper
1395,top
1396,top
1397,romper
1398,shirt
1399,maxi
1400,dress
1401,dress
1402,gown
1403,maxi
1404,sheath
1405,dress
1406,sheath
1407,sheath
1408,dress
1409,dress
1410,dress
1411,gown
1412,dress
1413,romper
1414,sweater
1415,romper
1416,dress
1417,shirtdress
1418,maxi
1419,dress
1420,dress
1421,dress
1422,dress
1423,dress
1424,top
1425,cardigan
1426,top
1427,tank
1428,top
1429,top
1430,cardigan
1431,top
1432,gown
1433,dress
1434,dress
1435,dress
1436,dress
1437,dress
1438,dress
1439,shirtdress
1440,dress
1441,dress
1442,dress
1443,dress
1444,jumpsuit
1445,top
1446,skirt
1447,jacket
1448,blazer
1449,top
1450,jacket
1451,blouse
1452,jumpsuit
1453,top
1454,top
1455,jumpsuit
1456,top
1457,skirt
1458,blazer
1459,down
1460,top
1461,top
1462,jacket
1463,top
1464,top
1465,top
1466,top
1467,top
1468,top
1469,top
1470,top
1471,top
1472,top
1473,top
1474,top
1475,jacket
1476,top
1477,jacket
1478,top
1479,top
1480,dress
1481,dress
1482,dress
1483,dress
1484,dress
1485,dress
1486,dress
1487,dress
1488,dress
1489,shift
1490,jacket
1491,jacket
1492,dress
1493,dress
1494,dress
1495,shift
1496,dress
1497,dress
1498,shift
1499,jacket
1500,dress
1501,dress
1502,dress
1503,dress
1504,sheath
1505,dress
1506,dress
1507,gown
1508,dress
1509,dress
1510,dress
1511,dress
1512,dress
1513,dress
1514,dress
1515,dress
1516,dress
1517,dress
1518,dress
1519,dress
1520,dress
1521,dress
1522,sheath
1523,dress
1524,dress
1525,dress
1526,dress
1527,dress
1528,dress
1529,dress
1530,dress
1531,dress
1532,dress
1533,dress
1534,dress
1535,dress
1536,maxi
1537,maxi
1538,dress
1539,dress
1540,dress
1541,dress
1542,dress
1543,dress
1544,dress
1545,dress
1546,dress
1547,sheath
1548,dress
1549,sheath
1550,dress
1551,dress
1552,dress
1553,dress
1554,dress
1555,dress
1556,dress
1557,coat
1558,top
1559,trench
1560,maxi
1561,dress
1562,dress
1563,dress
1564,dress
1565,gown
1566,dress
1567,dress
1568,dress
1569,dress
1570,dress
1571,top
1572,jacket
1573,top
1574,blouse
1575,culottes
1576,top
1577,shift
1578,dress
1579,gown
1580,dress
1581,dress
1582,gown
1583,dress
1584,maxi
1585,dress
1586,blouse
1587,dress
1588,dress
1589,dress
1590,dress
1591,dress
1592,dress
1593,dress
1594,gown
1595,sheath
1596,dress
1597,sheath
1598,dress
1599,dress
1600,dress
1601,sheath
1602,sheath
1603,dress
1604,dress
1605,dress
1606,dress
1607,gown
1608,dress
1609,down
1610,dress
1611,gown
1612,dress
1613,dress
1614,dress
1615,dress
1616,dress
1617,dress
1618,sheath
1619,dress
1620,jumpsuit
1621,jumpsuit
1622,jumpsuit
1623,jumpsuit
1624,romper
1625,jumpsuit
1626,romper
1627,romper
1628,dress
1629,dress
1630,dress
1631,sheath
1632,dress
1633,maxi
1634,dress
1635,dress
1636,sweater
1637,cape
1638,skirt
1639,jumpsuit
1640,dress
1641,shirtdress
1642,dress
1643,dress
1644,dress
1645,sheath
1646,dress
1647,top
1648,culottes
1649,skirt
1650,blouse
1651,top
1652,top
1653,shirtdress
1654,sweatshirt
1655,sweater
1656,blouse
1657,sweater
1658,romper
1659,sweatshirt
1660,sweater
1661,top
1662,bomber
1663,vest
1664,sweatshirt
1665,jacket
1666,shirt
1667,dress
1668,dress
1669,dress
1670,shift
1671,dress
1672,dress
1673,sheath
1674,dress
1675,dress
1676,dress
1677,dress
1678,gown
1679,dress
1680,dress
1681,gown
1682,dress
1683,gown
1684,dress
1685,dress
1686,dress
1687,dress
1688,gown
1689,dress
1690,dress
1691,gown
1692,dress
1693,dress
1694,maxi
1695,dress
1696,dress
1697,sheath
1698,dress
1699,shift
1700,sheath
1701,dress
1702,dress
1703,dress
1704,gown
1705,dress
1706,sheath
1707,dress
1708,gown
1709,dress
1710,dress
1711,gown
1712,dress
1713,dress
1714,dress
1715,dress
1716,dress
1717,dress
1718,dress
1719,blouse
1720,jumpsuit
1721,jacket
1722,top
1723,top
1724,skirt
1725,jumpsuit
1726,dress
1727,dress
1728,dress
1729,dress
1730,dress
1731,dress
1732,dress
1733,sheath
1734,sheath
1735,romper
1736,jacket
1737,bomber
1738,jumpsuit
1739,down
1740,gown
1741,dress
1742,dress
1743,dress
1744,dress
1745,dress
1746,dress
1747,dress
1748,gown
1749,dress
1750,dress
1751,sheath
1752,dress
1753,dress
1754,dress
1755,dress
1756,sheath
1757,maxi
1758,dress
1759,dress
1760,maxi
1761,maxi
1762,dress
1763,dress
1764,mini
1765,dress
1766,dress
1767,dress
1768,maxi
1769,dress
1770,dress
1771,jumpsuit
1772,romper
1773,shirt
1774,coat
1775,sheath
1776,dress
1777,dress
1778,dress
1779,gown
1780,dress
1781,gown
1782,dress
1783,dress
1784,dress
1785,gown
1786,dress
1787,dress
1788,dress
1789,dress
1790,gown
1791,dress
1792,dress
1793,gown
1794,dress
1795,dress
1796,gown
1797,shirtdress
1798,dress
1799,gown
1800,dress
1801,dress
1802,dress
1803,gown
1804,sheath
1805,dress
1806,dress
1807,pant
1808,coat
1809,vest
1810,sweater
1811,vest
1812,coat
1813,jumpsuit
1814,top
1815,top
1816,jacket
1817,romper
1818,top
1819,jumpsuit
1820,jacket
1821,jacket
1822,jacket
1823,dress
1824,dress
1825,dress
1826,dress
1827,dress
1828,dress
1829,dress
1830,gown
1831,shift
1832,shift
1833,sheath
1834,dress
1835,sheath
1836,dress
1837,sheath
1838,sheath
1839,gown
1840,dress
1841,dress
1842,dress
1843,top
1844,jacket
1845,sweater
1846,blazer
1847,dress
1848,dress
1849,dress
1850,dress
1851,dress
1852,midi
1853,dress
1854,top
1855,dress
1856,maxi
1857,dress
1858,dress
1859,dress
1860,dress
1861,gown
1862,dress
1863,dress
1864,dress
1865,romper
1866,jumpsuit
1867,vest
1868,coat
1869,top
1870,jacket
1871,top
1872,coat
1873,dress
1874,dress
1875,gown
1876,dress
1877,maxi
1878,gown
1879,dress
1880,blouse
1881,blouse
1882,romper
1883,down
1884,top
1885,jacket
1886,top
1887,dress
1888,dress
1889,dress
1890,top
1891,top
1892,top
1893,top
1894,blouse
1895,top
1896,top
1897,jacket
1898,dress
1899,maxi
1900,sheath
1901,sheath
1902,dress
1903,dress
1904,jumpsuit
1905,jumpsuit
1906,jumpsuit
1907,dress
1908,dress
1909,shirtdress
1910,sheath
1911,dress
1912,dress
1913,dress
1914,dress
1915,dress
1916,dress
1917,dress
1918,dress
1919,shift
1920,dress
1921,dress
1922,dress
1923,dress
1924,dress
1925,dress
1926,sheath
1927,dress
1928,top
1929,top
1930,blazer
1931,top
1932,blouse
1933,jumpsuit
1934,romper
1935,blouse
1936,blazer
1937,tunic
1938,top
1939,top
1940,sweater
1941,gown
1942,shift
1943,maxi
1944,dress
1945,dress
1946,dress
1947,dress
1948,dress
1949,dress
1950,dress
1951,sheath
1952,sheath
1953,dress
1954,dress
1955,dress
1956,dress
1957,gown
1958,dress
1959,dress
1960,dress
1961,dress
1962,gown
1963,dress
1964,gown
1965,dress
1966,dress
1967,dress
1968,dress
1969,dress
1970,dress
1971,dress
1972,romper
1973,top
1974,jacket
1975,romper
1976,romper
1977,jacket
1978,hoodie
1979,hoodie
1980,jacket
1981,dress
1982,dress
1983,dress
1984,dress
1985,sheath
1986,shirtdress
1987,gown
1988,dress
1989,gown
1990,dress
1991,sheath
1992,dress
1993,dress
1994,sheath
1995,dress
1996,dress
1997,maxi
1998,sheath
1999,dress
2000,dress
2001,shirtdress
2002,dress
2003,gown
2004,gown
2005,dress
2006,dress
2007,gown
2008,dress
2009,gown
2010,dress
2011,coat
2012,top
2013,dress
2014,dress
2015,dress
2016,dress
2017,dress
2018,dress
2019,dress
2020,dress
2021,sheath
2022,dress
2023,dress
2024,sheath
2025,dress
2026,dress
2027,dress
2028,sheath
2029,dress
2030,dress
2031,dress
2032,sheath
2033,sheath
2034,sheath
2035,sheath
2036,dress
2037,dress
2038,sheath
2039,dress
2040,top
2041,romper
2042,jumpsuit
2043,jumpsuit
2044,dress
2045,dress
2046,shirtdress
2047,dress
2048,dress
2049,dress
2050,dress
2051,dress
2052,shift
2053,dress
2054,jacket
2055,jacket
2056,blouse
2057,down
2058,jacket
2059,gown
2060,sheath
2061,dress
2062,top
2063,down
2064,jumpsuit
2065,jacket
2066,top
2067,romper
2068,shirt
2069,jumpsuit
2070,down
2071,pant
2072,coat
2073,pants
2074,dress
2075,dress
2076,dress
2077,dress
2078,dress
2079,dress
2080,dress
2081,dress
2082,dress
2083,gown
2084,skirt
2085,dress
2086,dress
2087,jumpsuit
2088,sweater
2089,romper
2090,tank
2091,dress
2092,dress
2093,dress
2094,shirtdress
2095,dress
2096,jacket
2097,dress
2098,dress
2099,dress
2100,dress
2101,gown
2102,maxi
2103,dress
2104,dress
2105,sheath
2106,top
2107,top
2108,top
2108,sweater
2109,top
2110,top
2111,dress
2112,dress
2113,dress
2114,dress
2115,dress
2116,dress
2117,dress
2118,dress
2119,jacket
2120,sweater
2121,top
2122,leggings
2123,dress
2124,gown
2125,dress
2126,shirtdress
2127,dress
2128,dress
2129,dress
2130,dress
2131,top
2132,sweater
2133,top
2134,top
2135,top
2136,jumpsuit
2137,sweater
2138,jumpsuit
2139,jacket
2140,jacket
2141,skirt
2142,dress
2143,dress
2144,dress
2145,sheath
2146,sheath
2147,dress
2148,dress
2149,dress
2150,dress
2151,dress
2152,sheath
2153,dress
2154,dress
2155,dress
2156,sheath
2157,jacket
2158,dress
2159,dress
2160,dress
2161,sheath
2162,gown
2163,dress
2164,gown
2165,sheath
2166,dress
2167,sheath
2168,dress
2169,dress
2170,gown
2171,dress
2172,dress
2173,gown
2174,coat
2175,sweater
2176,coat
2177,coat
2178,jacket
2179,jacket
2180,gown
2181,gown
2182,dress
2183,dress
2184,dress
2185,gown
2186,dress
2187,dress
2188,gown
2189,sweater
2190,top
2191,top
2192,coat
2193,dress
2194,shift
2195,dress
2196,dress
2197,gown
2198,gown
2199,dress
2200,dress
2201,shift
2202,gown
2203,maxi
2204,dress
2205,shift
2206,shift
2207,gown
2208,sheath
2209,sheath
2210,dress
2211,sheath
2212,dress
2213,sheath
2214,sheath
2215,legging
2216,jumpsuit
2217,jumpsuit
2218,top
2219,skirt
2220,jumpsuit
2221,blazer
2222,jumpsuit
2223,romper
2224,jumpsuit
2225,jumpsuit
2226,pants
2227,maxi
2228,dress
2229,gown
2230,dress
2231,dress
2232,dress
2233,tunic
2234,dress
2235,shift
2236,dress
2237,jacket
2238,top
2239,jacket
2240,romper
2241,top
2242,jumpsuit
2243,sweatshirt
2244,dress
2245,shift
2246,sheath
2247,skirt
2248,jumpsuit
2249,top
2250,top
2251,sweater
2252,top
2253,down
2254,down
2255,culottes
2256,knit
2257,culotte
2258,jumpsuit
2259,pant
2260,dress
2261,dress
2262,dress
2263,dress
2264,jacket
2265,jacket
2266,dress
2267,dress
2268,dress
2269,sweater
2270,cardigan
2271,sweater
2272,hoodie
2273,coat
2274,top
2275,coat
2276,top
2277,jacket
2278,pants
2279,top
2280,coat
2281,skirt
2282,top
2283,dress
2284,dress
2285,dress
2286,dress
2287,maxi
2288,dress
2289,dress
2290,gown
2291,dress
2292,sheath
2293,dress
2294,dress
2295,dress
2296,shift
2297,dress
2298,dress
2299,dress
2300,shift
2301,dress
2302,maxi
2303,dress
2304,dress
2305,dress
2306,maxi
2307,dress
2308,dress
2309,top
2310,skirt
2311,top
2312,romper
2313,dress
2314,gown
2315,gown
2316,dress
2317,gown
2318,gown
2319,sheath
2320,dress
2321,dress
2322,sheath
2323,dress
2324,gown
2325,dress
2326,dress
2327,dress
2328,gown
2329,dress
2330,dress
2331,sheath
2332,dress
2333,dress
2334,gown
2335,shift
2336,dress
2337,sheath
2338,dress
2339,gown
2340,sheath
2341,jacket
2342,jumpsuit
2343,romper
2344,gown
2345,dress
2346,dress
2347,jacket
2348,down
2349,top
2350,down
2351,dress
2352,gown
2353,gown
2354,gown
2355,maxi
2356,dress
2357,jacket
2358,sheath
2359,dress
2360,dress
2361,dress
2362,dress
2363,sheath
2364,dress
2365,dress
2366,dress
2367,dress
2368,dress
2369,dress
2370,blouse
2371,culottes
2372,coat
2373,jacket
2374,gown
2375,gown
2376,gown
2377,gown
2378,leggings
2379,skirt
2380,sweater
2381,jacket
2382,cape
2383,sweatshirt
2384,sweater
2385,coat
2386,dress
2387,sheath
2388,dress
2389,dress
2390,dress
2391,gown
2392,dress
2393,dress
2394,dress
2395,dress
2396,dress
2397,gown
2398,dress
2399,dress
2400,sheath
2401,shift
2402,dress
2403,jumpsuit
2404,jacket
2405,skirt
2406,jumpsuit
2407,pant
2408,dress
2409,dress
2410,dress
2411,dress
2412,dress
2413,dress
2414,shift
2415,top
2416,romper
2417,blazer
2418,top
2419,top
2420,top
2421,dress
2422,gown
2423,shift
2424,sheath
2425,sheath
2426,gown
2427,dress
2428,gown
2429,romper
2430,dress
2431,dress
2432,dress
2433,dress
2434,top
2435,romper
2436,blouse
2437,dress
2438,shift
2439,dress
2440,dress
2441,maxi
2442,dress
2443,dress
2444,jumpsuit
2445,mini
2446,shift
2447,dress
2448,dress
2449,sheath
2450,shift
2451,dress
2452,dress
2453,jacket
2454,sweater
2455,top
2456,top
2457,coat
2458,pullover
2459,cardigan
2460,top
2461,top
2462,sweatshirt
2463,sweatshirt
2464,top
2465,blouse
2466,sweatshirt
2467,dress
2468,dress
2469,sheath
2470,top
2471,shift
2472,dress
2473,top
2474,shirt
2475,top
2476,dress
2477,shift
2478,sweater
2479,top
2480,blazer
2481,vest
2482,gown
2483,dress
2484,dress
2485,dress
2486,dress
2487,dress
2488,gown
2489,gown
2490,dress
2491,dress
2492,maxi
2493,sheath
2494,gown
2495,dress
2496,dress
2497,dress
2498,gown
2499,dress
2500,dress
2501,dress
2502,dress
2503,dress
2504,top
2505,top
2506,jumpsuit
2507,skirt
2508,top
2509,dress
2510,dress
2511,dress
2512,dress
2513,dress
2514,dress
2515,dress
2516,dress
2517,maxi
2518,gown
2519,blazer
2520,sweater
2521,romper
2522,dress
2523,dress
2524,dress
2525,sheath
2526,gown
2527,gown
2528,dress
2529,dress
2530,dress
2531,sheath
2532,dress
2533,dress
2534,top
2535,skirt
2536,dress
2537,dress
2538,dress
2539,dress
2540,shift
2541,dress
2542,maxi
2543,gown
2544,dress
2545,dress
2546,top
2547,top
2548,jumpsuit
2549,dress
2550,dress
2551,dress
2552,sheath
2553,dress
2554,dress
2555,dress
2556,dress
2557,gown
2558,dress
2559,dress
2560,dress
2561,sheath
2562,dress
2563,dress
2564,dress
2565,dress
2566,gown
2567,dress
2568,dress
2569,dress
2570,sheath
2571,dress
2572,sheath
2573,dress
2574,dress
2575,dress
2576,sheath
2577,dress
2578,dress
2579,gown
2580,dress
2581,shift
2582,gown
2583,gown
2584,sheath
2585,dress
2586,dress
2587,top
2588,jumpsuit
2589,jumpsuit
2590,top
2591,jacket
2592,down
2593,blouse
2594,top
2595,top
2596,sweater
2597,top
2598,skirt
2599,top
2600,dress
2601,dress
2602,dress
2603,dress
2604,dress
2605,dress
2606,dress
2607,dress
2608,dress
2609,sheath
2610,dress
2611,sheath
2612,sheath
2613,jacket
2614,shirt
2615,trouser
2616,pants
2617,skirt
2618,sweater
2619,vest
2620,jumpsuit
2621,vest
2622,shirt
2623,dress
2624,dress
2625,dress
2626,dress
2627,shift
2628,sheath
2629,dress
2630,dress
2631,gown
2632,dress
2633,gown
2634,dress
2635,dress
2636,dress
2637,gown
2638,dress
2639,dress
2640,dress
2641,gown
2642,gown
2643,dress
2644,maxi
2645,top
2646,jumpsuit
2647,top
2648,culottes
2649,sweater
2650,skirt
2651,tunic
2652,skirt
2653,top
2654,top
2655,gown
2656,dress
2657,dress
2658,top
2659,gown
2660,gown
2661,gown
2662,gown
2663,dress
2664,gown
2665,gown
2666,dress
2667,dress
2668,dress
2669,gown
2670,dress
2671,dress
2672,gown
2673,dress
2674,gown
2675,romper
2676,dress
2677,dress
2678,dress
2679,gown
2680,dress
2681,gown
2682,dress
2683,sheath
2684,dress
2685,dress
2686,dress
2687,gown
2688,dress
2689,sheath
2690,dress
2691,gown
2692,jumpsuit
2693,romper
2694,dress
2695,dress
2696,dress
2697,dress
2698,dress
2699,dress
2700,top
2701,jumpsuit
2702,dress
2703,dress
2704,dress
2705,dress
2706,dress
2707,gown
2708,dress
2709,dress
2710,dress
2711,dress
2712,romper
2713,jacket
2714,jacket
2715,skirt
2716,jacket
2717,top
2718,sweatshirt
2719,dress
2720,dress
2721,dress
2722,dress
2723,dress
2724,shirtdress
2725,dress
2726,dress
2727,shift
2728,gown
2729,dress
2730,dress
2731,gown
2732,dress
2733,romper
2734,jacket
2735,dress
2736,dress
2737,sheath
2738,dress
2739,dress
2740,dress
2741,top
2742,top
2743,peacoat
2744,top
2745,jacket
2746,sheath
2747,dress
2748,dress
2749,dress
2750,dress
2751,dress
2752,dress
2753,pants
2754,vest
2755,dress
2756,dress
2757,dress
2758,shift
2759,shift
2760,dress
2761,cardigan
2762,jacket
2763,jacket
2764,top
2765,dress
2766,skirt
2767,sweater
2768,cape
2769,dress
2770,dress
2771,dress
2772,sheath
2773,dress
2774,dress
2775,dress
2776,dress
2777,dress
2778,dress
2779,dress
2780,dress
2781,dress
2782,dress
2783,gown
2784,gown
2785,gown
2786,gown
2787,dress
2788,dress
2789,dress
2790,gown
2791,dress
2792,dress
2793,dress
2794,dress
2795,sheath
2796,skirt
2797,gown
2798,dress
2799,sheath
2800,dress
2801,gown
2802,dress
2803,dress
2804,gown
2805,gown
2806,dress
2807,dress
2808,gown
2809,sheath
2810,dress
2811,dress
2812,dress
2813,gown
2814,gown
2815,gown
2816,shift
2817,dress
2818,gown
2819,sheath
2820,jumpsuit
2821,jumpsuit
2822,jumpsuit
2823,jumpsuit
2824,jumpsuit
2825,sheath
2826,dress
2827,gown
2828,gown
2829,dress
2830,dress
2831,maxi
2832,dress
2833,dress
2834,gown
2835,sheath
2836,dress
2837,gown
2838,gown
2839,dress
2840,dress
2841,dress
2842,gown
2843,top
2844,combo
2845,top
2846,bomber
2847,top
2848,romper
2849,top
2850,coat
2851,skirt
2852,top
2853,top
2854,jumpsuit
2855,top
2856,shift
2857,dress
2858,dress
2859,dress
2860,coat
2861,skirt
2862,sweater
2863,jacket
2864,jacket
2865,jacket
2866,dress
2867,dress
2868,dress
2869,skirt
2870,top
2871,blouse
2872,top
2873,blazer
2874,top
2875,skirt
2876,skirt
2877,top
2878,sweater
2879,top
2880,pants
2881,top
2882,dress
2883,dress
2884,dress
2885,dress
2886,sheath
2887,top
2888,jacket
2889,skirt
2890,dress
2891,dress
2892,shift
2893,dress
2894,dress
2895,dress
2896,turtleneck
2897,dress
2898,dress
2899,dress
2900,dress
2901,dress
2902,dress
2903,dress
2904,dress
2905,dress
2906,dress
2907,jacket
2908,top
2909,dress
2910,dress
2911,cardigan
2912,sweater
2913,jacket
2914,dress
2915,vest
2916,coat
2917,coat
2918,cardigan
2919,jacket
2920,dress
2921,dress
2922,dress
2923,dress
2924,top
2925,gown
2926,maxi
2927,gown
2928,shift
2929,dress
2930,maxi
2931,dress
2932,gown
2933,dress
2934,dress
2935,sheath
2936,dress
2937,dress
2938,dress
2939,gown
2940,dress
2941,dress
2942,dress
2943,gown
2944,gown
2945,dress
2946,dress
2947,maxi
2948,sheath
2949,sheath
2950,gown
2951,jumpsuit
2952,jumpsuit
2953,jumpsuit
2954,tunic
2955,dress
2956,gown
2957,dress
2958,dress
2959,dress
2960,dress
2961,gown
2962,dress
2963,dress
2964,dress
2965,shift
2966,dress
2967,dress
2968,top
2969,skirt
2970,skirt
2971,dress
2972,dress
2973,dress
2974,gown
2975,shift
2976,dress
2977,dress
2978,dress
2979,dress
2980,gown
2981,sheath
2982,dress
2983,gown
2984,dress
2985,shift
2986,maxi
2987,dress
2988,top
2989,top
2990,blouse
2991,blouse
2992,dress
2993,dress
2994,shift
2995,dress
2996,dress
2997,dress
2998,dress
2999,dress
3000,dress
3001,dress
3002,maxi
3003,dress
3004,sheath
3005,dress
3006,dress
3007,dress
3008,dress
3009,dress
3010,dress
3011,dress
3012,top
3013,jacket
3014,sweater
3015,sweater
3016,top
3017,jumpsuit
3018,jacket
3019,dress
3020,dress
3021,top
3022,top
3023,dress
3024,sheath
3025,dress
3026,gown
3027,dress
3028,sheath
3029,jacket
3030,romper
3031,dress
3032,dress
3033,top
3034,blouse
3035,dress
3036,dress
3037,gown
3038,dress
3039,gown
3040,dress
3041,dress
3042,dress
3043,dress
3044,dress
3045,shift
3046,dress
3047,dress
3048,dress
3049,top
3050,top
3051,sweater
3052,top
3053,sweater
3054,skirt
3055,sheath
3056,dress
3057,dress
3058,gown
3059,dress
3060,sheath
3061,dress
3062,dress
3063,dress
3064,dress
3065,dress
3066,blouson
3067,maxi
3068,dress
3069,dress
3070,dress
3071,dress
3072,dress
3073,dress
3074,dress
3075,dress
3076,sheath
3077,dress
3078,dress
3079,dress
3080,dress
3081,dress
3082,midi
3083,dress
3084,dress
3085,dress
3086,dress
3087,dress
3088,dress
3089,shift
3090,sheath
3091,dress
3092,dress
3093,dress
3094,dress
3095,dress
3096,dress
3097,dress
3098,dress
3099,dress
3100,dress
3101,dress
3102,dress
3103,dress
3104,dress
3105,dress
3106,dress
3107,sheath
3108,dress
3109,dress
3110,dress
3111,dress
3112,dress
3113,dress
3114,dress
3115,dress
3116,dress
3117,dress
3118,dress
3119,dress
3120,maxi
3121,dress
3122,dress
3123,dress
3124,gown
3125,dress
3126,dress
3127,dress
3128,dress
3129,dress
3130,sheath
3131,dress
3132,dress
3133,dress
3134,dress
3135,gown
3136,dress
3137,dress
3138,dress
3139,dress
3140,dress
3141,dress
3142,dress
3143,dress
3144,shirtdress
3145,dress
3146,dress
3147,gown
3148,dress
3149,dress
3150,dress
3151,jumpsuit
3152,jumpsuit
3153,romper
3154,jumpsuit
3155,romper
3156,jumpsuit
3157,skirt
3158,romper
3159,jumpsuit
3160,romper
3161,jumpsuit
3162,romper
3163,blouse
3164,tunic
3165,jumpsuit
3166,dress
3167,gown
3168,gown
3169,gown
3170,gown
3171,sheath
3172,dress
3173,top
3174,dress
3175,sheath
3176,dress
3177,dress
3178,shirt
3179,dress
3180,dress
3181,dress
3182,gown
3183,shift
3184,dress
3185,maxi
3186,dress
3187,dress
3188,sheath
3189,dress
3190,gown
3191,jacket
3192,jacket
3193,top
3194,top
3195,jacket
3196,dress
3197,dress
3198,dress
3199,dress
3200,dress
3201,skirt
3202,gown
3203,gown
3204,gown
3205,dress
3206,coat
3207,sweater
3208,top
3209,sweater
3210,sweater
3211,top
3212,sweater
3213,top
3214,dress
3215,dress
3216,dress
3217,sweater
3218,dress
3219,dress
3220,dress
3221,sheath
3222,dress
3223,dress
3224,dress
3225,dress
3226,dress
3227,top
3228,jumpsuit
3229,vest
3230,sweater
3231,top
3232,top
3233,skirt
3234,blazer
3235,skirt
3236,jacket
3237,top
3238,jumpsuit
3239,top
3240,jacket
3241,sweater
3242,top
3243,sweater
3244,dress
3245,dress
3246,gown
3247,dress
3248,gown
3249,sheath
3250,dress
3251,dress
3252,sheath
3253,sheath
3254,dress
3255,gown
3256,dress
3257,dress
3258,dress
3259,dress
3260,dress
3261,gown
3262,dress
3263,dress
3264,gown
3265,dress
3266,dress
3267,dress
3268,dress
3269,dress
3270,dress
3271,dress
3272,sheath
3273,gown
3274,dress
3275,dress
3276,dress
3277,sweater
3278,top
3279,cape
3280,sweatshirt
3281,pants
3282,romper
3283,culottes
3284,top
3285,sweater
3286,coat
3287,top
3288,top
3289,top
3290,top
3291,top
3292,sheath
3293,dress
3294,dress
3295,dress
3296,sheath
3297,shift
3298,dress
3299,mini
3300,dress
3301,jacket
3302,top
3303,skirt
3304,sheath
3305,dress
3306,dress
3307,dress
3308,dress
3309,jacket
3310,jacket
3311,dress
3312,dress
3313,vest
3314,dress
3315,dress
3316,sheath
3317,dress
3318,dress
3319,gown
3320,dress
3321,gown
3322,dress
3323,dress
3324,gown
3325,gown
3326,top
3327,top
3328,romper
3329,top
3330,top
3331,shirt
3332,blouse
3333,gown
3334,dress
3335,dress
3336,dress
3337,dress
3338,dress
3339,dress
3340,dress
3341,dress
3342,dress
3343,dress
3344,dress
3345,dress
3346,jumpsuit
3347,dress
3348,dress
3349,gown
3350,bomber
3351,skirt
3352,jacket
3353,sweater
3354,jacket
3355,skirt
3356,dress
3357,sheath
3358,dress
3359,dress
3360,shift
3361,dress
3362,gown
3363,top
3364,top
3365,top
3366,romper
3367,blouse
3368,sheath
3369,dress
3370,romper
3371,romper
3372,shirt
3373,dress
3374,dress
3375,mini
3376,print
3377,caftan
3378,dress
3379,sheath
3380,coat
3381,coat
3382,peacoat
3383,dress
3384,sheath
3385,top
3386,top
3387,blouse
3388,top
3389,top
3390,jumpsuit
3391,blouse
3392,shirt
3393,top
3394,vest
3395,blazer
3396,jacket
3397,dress
3398,sheath
3399,dress
3400,sheath
3401,sheath
3402,gown
3403,dress
3404,dress
3405,sheath
3406,top
3407,skirt
3408,suit
3409,gown
3410,dress
3411,dress
3412,coat
3413,gown
3414,sheath
3415,dress
3416,dress
3417,dress
3418,sheath
3419,dress
3420,dress
3421,gown
3422,dress
3423,sheath
3424,sheath
3425,dress
3426,dress
3427,dress
3428,dress
3429,sheath
3430,dress
3431,dress
3432,sheath
3433,dress
3434,dress
3435,dress
3436,dress
3437,dress
3438,dress
3439,dress
3440,dress
3441,sheath
3442,dress
3443,dress
3444,sheath
3445,dress
3446,sheath
3447,sheath
3448,gown
3449,dress
3450,dress
3451,top
3452,jumpsuit
3453,jacket
3454,jacket
3455,sweater
3456,sweater
3457,dress
3458,jacket
3459,top
3460,dress
3461,dress
3462,dress
3463,dress
3464,gown
3465,dress
3466,blouse
3467,jumpsuit
3468,top
3469,gown
3470,skirt
3471,dress
3472,shift
3473,top
3474,sweater
3475,jumpsuit
3476,blouse
3477,top
3478,cardigan
3479,jacket
3480,sheath
3481,dress
3482,top
3483,pants
3484,jacket
3485,top
3486,sweater
3487,dress
3488,gown
3489,dress
3490,top
3491,romper
3492,skirt
3493,dress
3494,dress
3495,dress
3496,jacket
3497,jacket
3498,dress
3499,dress
3500,dress
3501,dress
3502,dress
3503,dress
3504,dress
3505,gown
3506,dress
3507,dress
3508,top
3509,coat
3510,coat
3511,dress
3512,sheath
3513,top
3514,top
3515,skirt
3516,dress
3517,dress
3518,dress
3519,dress
3520,top
3521,blouse
3522,top
3523,dress
3524,dress
3525,dress
3526,dress
3527,dress
3528,coat
3529,dress
3530,gown
3531,dress
3532,gown
3533,gown
3534,gown
3535,gown
3536,gown
3537,sheath
3538,gown
3539,dress
3540,skirt
3541,top
3542,top
3543,skirt
3544,sheath
3545,dress
3546,gown
3547,dress
